name,email,phone,birth_date
Tate,odio@Integerurna.com,208-465-0930,2000-01-01
Kyra,Fusce@magnatellus.org,219-202-2324,2000-01-01
Brielle,ridiculus.mus.Donec@semegetmassa.net,225-999-4427,2000-01-01
Ryder,massa.non@etmagna.org,936-570-1090,2000-01-01
Alea,Sed.congue@pede.edu,952-276-7001,2000-01-01
Echo,eget.ipsum.Suspendisse@fermentummetusAenean.net,834-172-9316,2000-01-01
Alice,id.libero.Donec@nisiAeneaneget.co.uk,930-876-3365,2000-01-01
Wanda,ultricies.dignissim@eget.com,265-948-3698,2000-01-01
Alfreda,tortor@non.co.uk,710-404-3329,2000-01-01
Diana,ridiculus.mus@nonlacinia.net,768-559-0496,2000-01-01
Zenia,metus.eu.erat@augue.co.uk,682-483-8165,2000-01-01
Craig,eu.odio@lorem.ca,920-128-7849,2000-01-01
Basil,Vivamus.nisi@penatibuset.net,153-778-8489,2000-01-01
Britanney,Quisque.fringilla.euismod@asollicitudin.net,906-034-7464,2000-01-01
Kyla,lorem@quis.org,396-750-4707,2000-01-01
Darius,nonummy.Fusce@ametconsectetuer.co.uk,457-639-8791,2000-01-01
Wendy,tristique.pharetra.Quisque@elementum.co.uk,681-696-8433,2000-01-01
Karina,ante@auctor.edu,726-413-7269,2000-01-01
Lester,mauris.Morbi.non@cursus.ca,767-770-1320,2000-01-01
Shay,eu.ultrices.sit@augueacipsum.net,387-993-0173,2000-01-01
Jason,arcu.eu.odio@est.ca,922-088-9221,2000-01-01
Uriel,mi.Duis.risus@disparturient.ca,567-014-6542,2000-01-01
Jena,ultricies.ligula@vestibulumneque.co.uk,130-221-5900,2000-01-01
Amir,Quisque.tincidunt@iderat.com,113-545-0434,2000-01-01
Reuben,netus.et.malesuada@aliquamadipiscing.org,756-241-1732,2000-01-01
Alana,diam.luctus@eget.net,476-017-2801,2000-01-01
Boris,molestie@hendreritneque.com,171-974-1797,2000-01-01
Burke,ut@ametdapibusid.org,739-170-0029,2000-01-01
Shaine,odio.Etiam@consequat.edu,776-484-0252,2000-01-01
Fitzgerald,enim@dolordolortempus.ca,918-757-3233,2000-01-01
Harlan,ipsum@lobortisquispede.co.uk,786-031-1840,2000-01-01
Donovan,non.luctus.sit@fermentumvelmauris.net,913-606-5010,2000-01-01
Noel,diam.Proin.dolor@iaculis.net,691-276-2607,2000-01-01
Garth,blandit@Pellentesquehabitant.com,490-633-7241,2000-01-01
Shafira,Maecenas@euaccumsan.com,602-128-6156,2000-01-01
Hakeem,et.rutrum.non@eget.co.uk,519-223-8039,2000-01-01
Jocelyn,ultrices.a.auctor@neque.org,763-909-7753,2000-01-01
Vanna,adipiscing.Mauris.molestie@nonummyipsum.co.uk,174-983-7793,2000-01-01
Leslie,dictum.ultricies@acipsumPhasellus.org,124-892-9272,2000-01-01
Aaron,Maecenas.libero@Maecenasiaculis.edu,803-784-0621,2000-01-01
Joel,massa.Vestibulum@Proin.net,381-930-7433,2000-01-01
Hanna,eget.volutpat.ornare@ametconsectetueradipiscing.co.uk,223-696-8157,2000-01-01
Herrod,ac@luctusvulputate.ca,751-462-7701,2000-01-01
Ursula,montes.nascetur.ridiculus@nonhendreritid.com,996-969-1429,2000-01-01
Brielle,vitae.mauris.sit@aliquetmagnaa.org,973-653-6170,2000-01-01
Idona,pede.Suspendisse@ametrisusDonec.org,640-356-9367,2000-01-01
Justine,neque@euismodac.co.uk,629-562-8752,2000-01-01
Rhoda,elementum.dui.quis@euodioPhasellus.edu,145-003-5475,2000-01-01
Honorato,metus.Aliquam.erat@auctorodioa.org,722-270-9638,2000-01-01
Katelyn,sem@Sedauctorodio.edu,281-516-7266,2000-01-01
Alexandra,dolor@infaucibusorci.edu,400-503-1282,2000-01-01
Gloria,nisl@justosit.com,494-913-6759,2000-01-01
Mason,ultricies.ligula@enimnon.edu,462-245-4448,2000-01-01
Linda,mollis@tellus.org,238-996-3569,2000-01-01
Kiona,nonummy@mauriserat.com,988-520-4846,2000-01-01
Bradley,Morbi.accumsan.laoreet@acorciUt.net,988-919-1963,2000-01-01
Emery,convallis.est.vitae@ultricessit.edu,390-857-3508,2000-01-01
Daria,lectus.Cum@vitaedolorDonec.org,392-583-2302,2000-01-01
Benjamin,Aenean@orci.ca,938-471-4214,2000-01-01
Wayne,Donec.felis@litoratorquentper.net,526-536-5454,2000-01-01
Brittany,Donec@tortordictumeu.edu,749-451-2667,2000-01-01
Gretchen,nunc.sed@aliquetmolestietellus.net,258-672-9442,2000-01-01
Keelie,aliquet.nec.imperdiet@Nunc.org,412-026-0938,2000-01-01
Kendall,nulla@Donecnonjusto.net,884-412-9331,2000-01-01
Cade,enim@Sedeu.ca,676-152-3604,2000-01-01
Sacha,Maecenas@CrasinterdumNunc.co.uk,148-672-3414,2000-01-01
Magee,mollis.dui.in@dictumsapienAenean.com,345-712-1102,2000-01-01
Linus,enim@congueInscelerisque.ca,635-314-8148,2000-01-01
Ignacia,malesuada@nequevenenatis.net,341-935-2802,2000-01-01
Chloe,Maecenas.mi@temporaugueac.co.uk,800-527-6551,2000-01-01
Yetta,malesuada.malesuada.Integer@eueuismod.edu,572-133-8516,2000-01-01
Asher,faucibus.orci@Nam.edu,401-111-9359,2000-01-01
Neville,Curabitur.egestas@Aliquamgravida.org,957-223-4274,2000-01-01
Jasmine,nec@duilectusrutrum.com,240-203-0408,2000-01-01
Xanthus,ultricies@arcuimperdiet.edu,624-150-4514,2000-01-01
Celeste,enim@utaliquam.org,568-248-0560,2000-01-01
Joseph,Nullam.velit.dui@afacilisis.org,164-053-2632,2000-01-01
Justina,molestie@inmolestietortor.net,111-065-7735,2000-01-01
Christopher,augue@Donecnon.net,745-107-2631,2000-01-01
Barclay,lacus.Etiam@egestashendrerit.edu,499-999-1417,2000-01-01
Lester,sagittis.felis@Suspendisse.co.uk,964-960-4676,2000-01-01
Liberty,Vivamus.euismod.urna@liberomaurisaliquam.edu,971-051-5226,2000-01-01
Gillian,Morbi.non@blandit.org,492-071-0555,2000-01-01
Lenore,ante.dictum@scelerisquemollisPhasellus.co.uk,233-202-9742,2000-01-01
Jonah,Nullam@Maurisnondui.ca,539-153-6713,2000-01-01
Karly,nulla@justosit.com,345-984-2090,2000-01-01
Kenneth,feugiat@risus.org,327-630-2196,2000-01-01
Deirdre,dolor.sit@aliquet.com,930-083-8501,2000-01-01
Conan,vitae@PhasellusnullaInteger.org,234-511-6453,2000-01-01
Jason,orci.Phasellus@Praesent.org,364-969-6125,2000-01-01
Hannah,Suspendisse.non.leo@duinecurna.co.uk,985-366-9723,2000-01-01
Alexander,mollis@utlacusNulla.net,380-568-3002,2000-01-01
Octavius,Sed.eu@eleifend.net,201-668-0085,2000-01-01
Zahir,tempor.bibendum.Donec@eget.edu,839-114-1129,2000-01-01
Barry,ornare@etrutrum.com,834-049-3811,2000-01-01
Echo,et@velarcuCurabitur.edu,208-788-3542,2000-01-01
Belle,semper.pretium@hymenaeosMaurisut.org,744-325-7414,2000-01-01
Ainsley,Nullam.ut.nisi@eratinconsectetuer.co.uk,140-198-3129,2000-01-01
Mollie,Integer@duisemper.com,979-322-1905,2000-01-01
Cruz,iaculis.lacus.pede@Nullamenim.net,233-094-5294,2000-01-01