name,email,phone
Tate,odio@Integerurna.com,208-465-0930
Kyra,Fusce@magnatellus.org,219-202-2324
Brielle,ridiculus.mus.Donec@semegetmassa.net,225-999-4427
Ryder,massa.non@etmagna.org,936-570-1090
Alea,Sed.congue@pede.edu,952-276-7001
Echo,eget.ipsum.Suspendisse@fermentummetusAenean.net,834-172-9316
Alice,id.libero.Donec@nisiAeneaneget.co.uk,930-876-3365
Wanda,ultricies.dignissim@eget.com,265-948-3698
Alfreda,tortor@non.co.uk,710-404-3329
Diana,ridiculus.mus@nonlacinia.net,768-559-0496
Zenia,metus.eu.erat@augue.co.uk,682-483-8165
Craig,eu.odio@lorem.ca,920-128-7849
Basil,Vivamus.nisi@penatibuset.net,153-778-8489
Britanney,Quisque.fringilla.euismod@asollicitudin.net,906-034-7464
Kyla,lorem@quis.org,396-750-4707
Darius,nonummy.Fusce@ametconsectetuer.co.uk,457-639-8791
Wendy,tristique.pharetra.Quisque@elementum.co.uk,681-696-8433
Karina,ante@auctor.edu,726-413-7269
Lester,mauris.Morbi.non@cursus.ca,767-770-1320
Shay,eu.ultrices.sit@augueacipsum.net,387-993-0173
Jason,arcu.eu.odio@est.ca,922-088-9221
Uriel,mi.Duis.risus@disparturient.ca,567-014-6542
Jena,ultricies.ligula@vestibulumneque.co.uk,130-221-5900
Amir,Quisque.tincidunt@iderat.com,113-545-0434
Reuben,netus.et.malesuada@aliquamadipiscing.org,756-241-1732
Alana,diam.luctus@eget.net,476-017-2801
Boris,molestie@hendreritneque.com,171-974-1797
Burke,ut@ametdapibusid.org,739-170-0029
Shaine,odio.Etiam@consequat.edu,776-484-0252
Fitzgerald,enim@dolordolortempus.ca,918-757-3233
Harlan,ipsum@lobortisquispede.co.uk,786-031-1840
Donovan,non.luctus.sit@fermentumvelmauris.net,913-606-5010
Noel,diam.Proin.dolor@iaculis.net,691-276-2607
Garth,blandit@Pellentesquehabitant.com,490-633-7241
Shafira,Maecenas@euaccumsan.com,602-128-6156
Hakeem,et.rutrum.non@eget.co.uk,519-223-8039
Jocelyn,ultrices.a.auctor@neque.org,763-909-7753
Vanna,adipiscing.Mauris.molestie@nonummyipsum.co.uk,174-983-7793
Leslie,dictum.ultricies@acipsumPhasellus.org,124-892-9272
Aaron,Maecenas.libero@Maecenasiaculis.edu,803-784-0621
Joel,massa.Vestibulum@Proin.net,381-930-7433
Hanna,eget.volutpat.ornare@ametconsectetueradipiscing.co.uk,223-696-8157
Herrod,ac@luctusvulputate.ca,751-462-7701
Ursula,montes.nascetur.ridiculus@nonhendreritid.com,996-969-1429
Brielle,vitae.mauris.sit@aliquetmagnaa.org,973-653-6170
Idona,pede.Suspendisse@ametrisusDonec.org,640-356-9367
Justine,neque@euismodac.co.uk,629-562-8752
Rhoda,elementum.dui.quis@euodioPhasellus.edu,145-003-5475
Honorato,metus.Aliquam.erat@auctorodioa.org,722-270-9638
Katelyn,sem@Sedauctorodio.edu,281-516-7266
Alexandra,dolor@infaucibusorci.edu,400-503-1282
Gloria,nisl@justosit.com,494-913-6759
Mason,ultricies.ligula@enimnon.edu,462-245-4448
Linda,mollis@tellus.org,238-996-3569
Kiona,nonummy@mauriserat.com,988-520-4846
Bradley,Morbi.accumsan.laoreet@acorciUt.net,988-919-1963
Emery,convallis.est.vitae@ultricessit.edu,390-857-3508
Daria,lectus.Cum@vitaedolorDonec.org,392-583-2302
Benjamin,Aenean@orci.ca,938-471-4214
Wayne,Donec.felis@litoratorquentper.net,526-536-5454
Brittany,Donec@tortordictumeu.edu,749-451-2667
Gretchen,nunc.sed@aliquetmolestietellus.net,258-672-9442
Keelie,aliquet.nec.imperdiet@Nunc.org,412-026-0938
Kendall,nulla@Donecnonjusto.net,884-412-9331
Cade,enim@Sedeu.ca,676-152-3604
Sacha,Maecenas@CrasinterdumNunc.co.uk,148-672-3414
Magee,mollis.dui.in@dictumsapienAenean.com,345-712-1102
Linus,enim@congueInscelerisque.ca,635-314-8148
Ignacia,malesuada@nequevenenatis.net,341-935-2802
Chloe,Maecenas.mi@temporaugueac.co.uk,800-527-6551
Yetta,malesuada.malesuada.Integer@eueuismod.edu,572-133-8516
Asher,faucibus.orci@Nam.edu,401-111-9359
Neville,Curabitur.egestas@Aliquamgravida.org,957-223-4274
Jasmine,nec@duilectusrutrum.com,240-203-0408
Xanthus,ultricies@arcuimperdiet.edu,624-150-4514
Celeste,enim@utaliquam.org,568-248-0560
Joseph,Nullam.velit.dui@afacilisis.org,164-053-2632
Justina,molestie@inmolestietortor.net,111-065-7735
Christopher,augue@Donecnon.net,745-107-2631
Barclay,lacus.Etiam@egestashendrerit.edu,499-999-1417
Lester,sagittis.felis@Suspendisse.co.uk,964-960-4676
Liberty,Vivamus.euismod.urna@liberomaurisaliquam.edu,971-051-5226
Gillian,Morbi.non@blandit.org,492-071-0555
Lenore,ante.dictum@scelerisquemollisPhasellus.co.uk,233-202-9742
Jonah,Nullam@Maurisnondui.ca,539-153-6713
Karly,nulla@justosit.com,345-984-2090
Kenneth,feugiat@risus.org,327-630-2196
Deirdre,dolor.sit@aliquet.com,930-083-8501
Conan,vitae@PhasellusnullaInteger.org,234-511-6453
Jason,orci.Phasellus@Praesent.org,364-969-6125
Hannah,Suspendisse.non.leo@duinecurna.co.uk,985-366-9723
Alexander,mollis@utlacusNulla.net,380-568-3002
Octavius,Sed.eu@eleifend.net,201-668-0085
Zahir,tempor.bibendum.Donec@eget.edu,839-114-1129
Barry,ornare@etrutrum.com,834-049-3811
Echo,et@velarcuCurabitur.edu,208-788-3542
Belle,semper.pretium@hymenaeosMaurisut.org,744-325-7414
Ainsley,Nullam.ut.nisi@eratinconsectetuer.co.uk,140-198-3129
Mollie,Integer@duisemper.com,979-322-1905
Cruz,iaculis.lacus.pede@Nullamenim.net,233-094-5294